<?xml version="1.0" encoding="utf-8" ?>
<dwsync>
<file name="accordion.js" server="ftp.xfluxo.com.br" local="131954205300000000" remote="133374212400000000" Dst="0" />
<file name="advanced-form-elements.js" server="ftp.xfluxo.com.br" local="132212554960000000" remote="133374212400000000" Dst="0" />
<file name="carousel.js" server="ftp.xfluxo.com.br" local="132905499320000000" remote="133374212400000000" Dst="0" />
<file name="chart-circle.js" server="ftp.xfluxo.com.br" local="132858005500000000" remote="133374212400000000" Dst="0" />
<file name="apexcharts.js" server="ftp.xfluxo.com.br" local="132858790860000000" remote="133374212400000000" Dst="0" />
<file name="chart.chartjs.js" server="ftp.xfluxo.com.br" local="132978068560000000" remote="133374212400000000" Dst="0" />
<file name="chart.flot.js" server="ftp.xfluxo.com.br" local="132931381280000000" remote="133374212400000000" Dst="0" />
<file name="chart.morris.js" server="ftp.xfluxo.com.br" local="132785530480000000" remote="133374212400000000" Dst="0" />
<file name="chart.peity.js" server="ftp.xfluxo.com.br" local="132214232480000000" remote="133374212400000000" Dst="0" />
<file name="chart.sparkline.js" server="ftp.xfluxo.com.br" local="132688525540000000" remote="133374212400000000" Dst="0" />
<file name="chat.js" server="ftp.xfluxo.com.br" local="132781122100000000" remote="133374212400000000" Dst="0" />
<file name="check-all-mail.js" server="ftp.xfluxo.com.br" local="132147036880000000" remote="133374212400000000" Dst="0" />
<file name="checkout-jquery-steps.js" server="ftp.xfluxo.com.br" local="132484702080000000" remote="133374212400000000" Dst="0" />
<file name="circle-progress.min.js" server="ftp.xfluxo.com.br" local="132846662580000000" remote="133374212400000000" Dst="0" />
<file name="colorpicker.js" server="ftp.xfluxo.com.br" local="132978123480000000" remote="133374212400000000" Dst="0" />
<file name="contact.js" server="ftp.xfluxo.com.br" local="132254179460000000" remote="133374212400000000" Dst="0" />
<file name="custom.js" server="ftp.xfluxo.com.br" local="133252971740000000" remote="133374212400000000" Dst="0" />
<file name="echarts.js" server="ftp.xfluxo.com.br" local="132978117640000000" remote="133374212400000000" Dst="0" />
<file name="form-editor-2.js" server="ftp.xfluxo.com.br" local="132751809000000000" remote="133374212400000000" Dst="0" />
<file name="form-editor.js" server="ftp.xfluxo.com.br" local="132751808800000000" remote="133374212400000000" Dst="0" />
<file name="eva-icons.min.js" server="ftp.xfluxo.com.br" local="132335272820000000" remote="133374212400000000" Dst="0" />
<file name="form-elements.js" server="ftp.xfluxo.com.br" local="132793134400000000" remote="133374212400000000" Dst="0" />
<file name="form-layouts.js" server="ftp.xfluxo.com.br" local="132212569400000000" remote="133374212400000000" Dst="0" />
<file name="form-validation.js" server="ftp.xfluxo.com.br" local="132755990520000000" remote="133374212400000000" Dst="0" />
<file name="form-wizard.js" server="ftp.xfluxo.com.br" local="132818326480000000" remote="133374212400000000" Dst="0" />
<file name="fullcalendar.js" server="ftp.xfluxo.com.br" local="132905517260000000" remote="133374212400000000" Dst="0" />
<file name="gallery.js" server="ftp.xfluxo.com.br" local="132822703840000000" remote="133374212400000000" Dst="0" />
<file name="generate-otp.js" server="ftp.xfluxo.com.br" local="132790740900000000" remote="133374212400000000" Dst="0" />
<file name="handleCounter.js" server="ftp.xfluxo.com.br" local="132750894500000000" remote="133374212400000000" Dst="0" />
<file name="image-comparision.js" server="ftp.xfluxo.com.br" local="131975921720000000" remote="133374212400000000" Dst="0" />
<file name="index.js" server="ftp.xfluxo.com.br" local="132859671120000000" remote="133374212400000000" Dst="0" />
<file name="index1.js" server="ftp.xfluxo.com.br" local="132860629740000000" remote="133374212400000000" Dst="0" />
<file name="index2.js" server="ftp.xfluxo.com.br" local="132858923700000000" remote="133374212400000000" Dst="0" />
<file name="jquery.vmap.sampledata.js" server="ftp.xfluxo.com.br" local="132022642220000000" remote="133374212400000000" Dst="0" />
<file name="map-leafleft.js" server="ftp.xfluxo.com.br" local="132694671540000000" remote="133374212400000000" Dst="0" />
<file name="modal.js" server="ftp.xfluxo.com.br" local="132755333240000000" remote="133374212400000000" Dst="0" />
<file name="popover.js" server="ftp.xfluxo.com.br" local="132823606980000000" remote="133374212400000000" Dst="0" />
<file name="rangeslider.js" server="ftp.xfluxo.com.br" local="132161513060000000" remote="133374212400000000" Dst="0" />
<file name="select2.js" server="ftp.xfluxo.com.br" local="132905436500000000" remote="133374212400000000" Dst="0" />
<file name="sticky.js" server="ftp.xfluxo.com.br" local="132831104020000000" remote="133374212400000000" Dst="0" />
<file name="summernote.js" server="ftp.xfluxo.com.br" local="132794145180000000" remote="133374212400000000" Dst="0" />
<file name="sweet-alert.js" server="ftp.xfluxo.com.br" local="132829558120000000" remote="133374212400000000" Dst="0" />
<file name="table-data.js" server="ftp.xfluxo.com.br" local="132952009460000000" remote="133374212400000000" Dst="0" />
<file name="tabs.js" server="ftp.xfluxo.com.br" local="131938927540000000" remote="133374212400000000" Dst="0" />
<file name="themecolor.js" server="ftp.xfluxo.com.br" local="132972001600000000" remote="133374212400000000" Dst="0" />
<file name="tooltip.js" server="ftp.xfluxo.com.br" local="132791397100000000" remote="133374212400000000" Dst="0" />
<file name="user-list.js" server="ftp.xfluxo.com.br" local="132769697620000000" remote="133374212400000000" Dst="0" />
<file name="vector-map.js" server="ftp.xfluxo.com.br" local="132785530480000000" remote="133374212400000000" Dst="0" />
<file name="accordion.js" server="ftp.voucherdogallo.com.br" local="131954205300000000" remote="133390365000000000" Dst="0" />
<file name="advanced-form-elements.js" server="ftp.voucherdogallo.com.br" local="132212554960000000" remote="133390365000000000" Dst="0" />
<file name="carousel.js" server="ftp.voucherdogallo.com.br" local="132905499320000000" remote="133390365000000000" Dst="0" />
<file name="chart-circle.js" server="ftp.voucherdogallo.com.br" local="132858005500000000" remote="133390365000000000" Dst="0" />
<file name="apexcharts.js" server="ftp.voucherdogallo.com.br" local="132858790860000000" remote="133390365000000000" Dst="0" />
<file name="chart.chartjs.js" server="ftp.voucherdogallo.com.br" local="132978068560000000" remote="133390365000000000" Dst="0" />
<file name="chart.flot.js" server="ftp.voucherdogallo.com.br" local="132931381280000000" remote="133390365000000000" Dst="0" />
<file name="chart.morris.js" server="ftp.voucherdogallo.com.br" local="132785530480000000" remote="133390365000000000" Dst="0" />
<file name="chart.peity.js" server="ftp.voucherdogallo.com.br" local="132214232480000000" remote="133390365000000000" Dst="0" />
<file name="chart.sparkline.js" server="ftp.voucherdogallo.com.br" local="132688525540000000" remote="133390365000000000" Dst="0" />
<file name="chat.js" server="ftp.voucherdogallo.com.br" local="132781122100000000" remote="133390365000000000" Dst="0" />
<file name="check-all-mail.js" server="ftp.voucherdogallo.com.br" local="132147036880000000" remote="133390365000000000" Dst="0" />
<file name="checkout-jquery-steps.js" server="ftp.voucherdogallo.com.br" local="132484702080000000" remote="133390365000000000" Dst="0" />
<file name="circle-progress.min.js" server="ftp.voucherdogallo.com.br" local="132846662580000000" remote="133390365000000000" Dst="0" />
<file name="colorpicker.js" server="ftp.voucherdogallo.com.br" local="132978123480000000" remote="133390365000000000" Dst="0" />
<file name="contact.js" server="ftp.voucherdogallo.com.br" local="132254179460000000" remote="133390365000000000" Dst="0" />
<file name="custom.js" server="ftp.voucherdogallo.com.br" local="133252971740000000" remote="133390365000000000" Dst="0" />
<file name="echarts.js" server="ftp.voucherdogallo.com.br" local="132978117640000000" remote="133390365000000000" Dst="0" />
<file name="form-editor-2.js" server="ftp.voucherdogallo.com.br" local="132751809000000000" remote="133390365000000000" Dst="0" />
<file name="form-editor.js" server="ftp.voucherdogallo.com.br" local="132751808800000000" remote="133390365000000000" Dst="0" />
<file name="eva-icons.min.js" server="ftp.voucherdogallo.com.br" local="132335272820000000" remote="133390365000000000" Dst="0" />
<file name="form-elements.js" server="ftp.voucherdogallo.com.br" local="132793134400000000" remote="133390365000000000" Dst="0" />
<file name="form-layouts.js" server="ftp.voucherdogallo.com.br" local="132212569400000000" remote="133390365000000000" Dst="0" />
<file name="form-validation.js" server="ftp.voucherdogallo.com.br" local="132755990520000000" remote="133390365000000000" Dst="0" />
<file name="form-wizard.js" server="ftp.voucherdogallo.com.br" local="132818326480000000" remote="133390365000000000" Dst="0" />
<file name="fullcalendar.js" server="ftp.voucherdogallo.com.br" local="132905517260000000" remote="133390365000000000" Dst="0" />
<file name="gallery.js" server="ftp.voucherdogallo.com.br" local="132822703840000000" remote="133390365000000000" Dst="0" />
<file name="generate-otp.js" server="ftp.voucherdogallo.com.br" local="132790740900000000" remote="133390365000000000" Dst="0" />
<file name="handleCounter.js" server="ftp.voucherdogallo.com.br" local="132750894500000000" remote="133390365000000000" Dst="0" />
<file name="image-comparision.js" server="ftp.voucherdogallo.com.br" local="131975921720000000" remote="133390365000000000" Dst="0" />
<file name="index.js" server="ftp.voucherdogallo.com.br" local="132859671120000000" remote="133390365000000000" Dst="0" />
<file name="index1.js" server="ftp.voucherdogallo.com.br" local="132860629740000000" remote="133390365000000000" Dst="0" />
<file name="index2.js" server="ftp.voucherdogallo.com.br" local="132858923700000000" remote="133390365000000000" Dst="0" />
<file name="jquery.vmap.sampledata.js" server="ftp.voucherdogallo.com.br" local="132022642220000000" remote="133390365000000000" Dst="0" />
<file name="map-leafleft.js" server="ftp.voucherdogallo.com.br" local="132694671540000000" remote="133390365000000000" Dst="0" />
<file name="modal.js" server="ftp.voucherdogallo.com.br" local="132755333240000000" remote="133390365000000000" Dst="0" />
<file name="popover.js" server="ftp.voucherdogallo.com.br" local="132823606980000000" remote="133390365000000000" Dst="0" />
<file name="rangeslider.js" server="ftp.voucherdogallo.com.br" local="132161513060000000" remote="133390365000000000" Dst="0" />
<file name="select2.js" server="ftp.voucherdogallo.com.br" local="132905436500000000" remote="133390365000000000" Dst="0" />
<file name="sticky.js" server="ftp.voucherdogallo.com.br" local="132831104020000000" remote="133390365000000000" Dst="0" />
<file name="summernote.js" server="ftp.voucherdogallo.com.br" local="132794145180000000" remote="133390365000000000" Dst="0" />
<file name="sweet-alert.js" server="ftp.voucherdogallo.com.br" local="132829558120000000" remote="133390365000000000" Dst="0" />
<file name="table-data.js" server="ftp.voucherdogallo.com.br" local="132952009460000000" remote="133390365000000000" Dst="0" />
<file name="tabs.js" server="ftp.voucherdogallo.com.br" local="131938927540000000" remote="133390365000000000" Dst="0" />
<file name="themecolor.js" server="ftp.voucherdogallo.com.br" local="132972001600000000" remote="133390365000000000" Dst="0" />
<file name="tooltip.js" server="ftp.voucherdogallo.com.br" local="132791397100000000" remote="133390365000000000" Dst="0" />
<file name="user-list.js" server="ftp.voucherdogallo.com.br" local="132769697620000000" remote="133390365000000000" Dst="0" />
<file name="vector-map.js" server="ftp.voucherdogallo.com.br" local="132785530480000000" remote="133390365000000000" Dst="0" />
</dwsync>