<?xml version="1.0" encoding="utf-8" ?>
<dwsync>
<file name="1.jpg" server="ftp.xfluxo.com.br" local="132739655060000000" remote="133374212400000000" Dst="0" />
<file name="10.jpg" server="ftp.xfluxo.com.br" local="132742924100000000" remote="133374212400000000" Dst="0" />
<file name="11.jpg" server="ftp.xfluxo.com.br" local="132742924900000000" remote="133374212400000000" Dst="0" />
<file name="12.jpg" server="ftp.xfluxo.com.br" local="132742925620000000" remote="133374212400000000" Dst="0" />
<file name="13.jpg" server="ftp.xfluxo.com.br" local="132742928620000000" remote="133374212400000000" Dst="0" />
<file name="14.jpg" server="ftp.xfluxo.com.br" local="132742929920000000" remote="133374212400000000" Dst="0" />
<file name="15.jpg" server="ftp.xfluxo.com.br" local="132742950860000000" remote="133374212400000000" Dst="0" />
<file name="16.jpg" server="ftp.xfluxo.com.br" local="132320710880000000" remote="133374212400000000" Dst="0" />
<file name="17.jpg" server="ftp.xfluxo.com.br" local="132738013360000000" remote="133374212400000000" Dst="0" />
<file name="18.jpg" server="ftp.xfluxo.com.br" local="132742954160000000" remote="133374212400000000" Dst="0" />
<file name="19.jpg" server="ftp.xfluxo.com.br" local="132742931820000000" remote="133374212400000000" Dst="0" />
<file name="2.jpg" server="ftp.xfluxo.com.br" local="132742921120000000" remote="133374212400000000" Dst="0" />
<file name="3.jpg" server="ftp.xfluxo.com.br" local="132742921440000000" remote="133374212400000000" Dst="0" />
<file name="4.jpg" server="ftp.xfluxo.com.br" local="132742921880000000" remote="133374212400000000" Dst="0" />
<file name="5.jpg" server="ftp.xfluxo.com.br" local="132750795860000000" remote="133374212400000000" Dst="0" />
<file name="6.jpg" server="ftp.xfluxo.com.br" local="132742923060000000" remote="133374212400000000" Dst="0" />
<file name="7.jpg" server="ftp.xfluxo.com.br" local="132742923300000000" remote="133374212400000000" Dst="0" />
<file name="8.jpg" server="ftp.xfluxo.com.br" local="132742927060000000" remote="133374212400000000" Dst="0" />
<file name="9.jpg" server="ftp.xfluxo.com.br" local="132742923840000000" remote="133374212400000000" Dst="0" />
<file name="blog.jpg" server="ftp.xfluxo.com.br" local="132335397640000000" remote="133374212400000000" Dst="0" />
<file name="aboutmain.jpg" server="ftp.xfluxo.com.br" local="132780196140000000" remote="133374212400000000" Dst="0" />
<file name="blog1.jpg" server="ftp.xfluxo.com.br" local="132775084620000000" remote="133374212400000000" Dst="0" />
<file name="blog2.jpg" server="ftp.xfluxo.com.br" local="132775085100000000" remote="133374212400000000" Dst="0" />
<file name="blog4.jpg" server="ftp.xfluxo.com.br" local="132775086540000000" remote="133374212400000000" Dst="0" />
<file name="blog5.jpg" server="ftp.xfluxo.com.br" local="132775094000000000" remote="133374212400000000" Dst="0" />
<file name="blog6.jpg" server="ftp.xfluxo.com.br" local="132775095020000000" remote="133374212400000000" Dst="0" />
<file name="compare1.jpg" server="ftp.xfluxo.com.br" local="132754348340000000" remote="133374212400000000" Dst="0" />
<file name="compare2.jpg" server="ftp.xfluxo.com.br" local="132754348640000000" remote="133374212400000000" Dst="0" />
<file name="fileimage1.jpg" server="ftp.xfluxo.com.br" local="132773297040000000" remote="133374212400000000" Dst="0" />
<file name="error.jpg" server="ftp.xfluxo.com.br" local="132756008880000000" remote="133374212400000000" Dst="0" />
<file name="fileimage2.jpg" server="ftp.xfluxo.com.br" local="132773299980000000" remote="133374212400000000" Dst="0" />
<file name="fileimage3.jpg" server="ftp.xfluxo.com.br" local="132773359900000000" remote="133374212400000000" Dst="0" />
<file name="fileimage4.jpg" server="ftp.xfluxo.com.br" local="132773360260000000" remote="133374212400000000" Dst="0" />
<file name="fileimage5.jpg" server="ftp.xfluxo.com.br" local="132773360680000000" remote="133374212400000000" Dst="0" />
<file name="1.jpg" server="ftp.voucherdogallo.com.br" local="132739655060000000" remote="133390365000000000" Dst="0" />
<file name="10.jpg" server="ftp.voucherdogallo.com.br" local="132742924100000000" remote="133390365000000000" Dst="0" />
<file name="11.jpg" server="ftp.voucherdogallo.com.br" local="132742924900000000" remote="133390365000000000" Dst="0" />
<file name="12.jpg" server="ftp.voucherdogallo.com.br" local="132742925620000000" remote="133390365000000000" Dst="0" />
<file name="13.jpg" server="ftp.voucherdogallo.com.br" local="132742928620000000" remote="133390365000000000" Dst="0" />
<file name="14.jpg" server="ftp.voucherdogallo.com.br" local="132742929920000000" remote="133390365000000000" Dst="0" />
<file name="15.jpg" server="ftp.voucherdogallo.com.br" local="132742950860000000" remote="133390365000000000" Dst="0" />
<file name="16.jpg" server="ftp.voucherdogallo.com.br" local="132320710880000000" remote="133390365000000000" Dst="0" />
<file name="17.jpg" server="ftp.voucherdogallo.com.br" local="132738013360000000" remote="133390365000000000" Dst="0" />
<file name="18.jpg" server="ftp.voucherdogallo.com.br" local="132742954160000000" remote="133390365000000000" Dst="0" />
<file name="19.jpg" server="ftp.voucherdogallo.com.br" local="132742931820000000" remote="133390365000000000" Dst="0" />
<file name="2.jpg" server="ftp.voucherdogallo.com.br" local="132742921120000000" remote="133390365000000000" Dst="0" />
<file name="3.jpg" server="ftp.voucherdogallo.com.br" local="132742921440000000" remote="133390365000000000" Dst="0" />
<file name="4.jpg" server="ftp.voucherdogallo.com.br" local="132742921880000000" remote="133390365000000000" Dst="0" />
<file name="5.jpg" server="ftp.voucherdogallo.com.br" local="132750795860000000" remote="133390365000000000" Dst="0" />
<file name="6.jpg" server="ftp.voucherdogallo.com.br" local="132742923060000000" remote="133390365000000000" Dst="0" />
<file name="7.jpg" server="ftp.voucherdogallo.com.br" local="132742923300000000" remote="133390365000000000" Dst="0" />
<file name="8.jpg" server="ftp.voucherdogallo.com.br" local="132742927060000000" remote="133390365000000000" Dst="0" />
<file name="9.jpg" server="ftp.voucherdogallo.com.br" local="132742923840000000" remote="133390365000000000" Dst="0" />
<file name="blog.jpg" server="ftp.voucherdogallo.com.br" local="132335397640000000" remote="133390365000000000" Dst="0" />
<file name="aboutmain.jpg" server="ftp.voucherdogallo.com.br" local="132780196140000000" remote="133390365000000000" Dst="0" />
<file name="blog1.jpg" server="ftp.voucherdogallo.com.br" local="132775084620000000" remote="133390365000000000" Dst="0" />
<file name="blog2.jpg" server="ftp.voucherdogallo.com.br" local="132775085100000000" remote="133390365000000000" Dst="0" />
<file name="blog4.jpg" server="ftp.voucherdogallo.com.br" local="132775086540000000" remote="133390365000000000" Dst="0" />
<file name="blog5.jpg" server="ftp.voucherdogallo.com.br" local="132775094000000000" remote="133390365000000000" Dst="0" />
<file name="blog6.jpg" server="ftp.voucherdogallo.com.br" local="132775095020000000" remote="133390365000000000" Dst="0" />
<file name="compare1.jpg" server="ftp.voucherdogallo.com.br" local="132754348340000000" remote="133390365000000000" Dst="0" />
<file name="compare2.jpg" server="ftp.voucherdogallo.com.br" local="132754348640000000" remote="133390365000000000" Dst="0" />
<file name="error.jpg" server="ftp.voucherdogallo.com.br" local="132756008880000000" remote="133390365000000000" Dst="0" />
<file name="fileimage1.jpg" server="ftp.voucherdogallo.com.br" local="132773297040000000" remote="133390365000000000" Dst="0" />
<file name="fileimage2.jpg" server="ftp.voucherdogallo.com.br" local="132773299980000000" remote="133390365000000000" Dst="0" />
<file name="fileimage3.jpg" server="ftp.voucherdogallo.com.br" local="132773359900000000" remote="133390365000000000" Dst="0" />
<file name="fileimage4.jpg" server="ftp.voucherdogallo.com.br" local="132773360260000000" remote="133390365000000000" Dst="0" />
<file name="fileimage5.jpg" server="ftp.voucherdogallo.com.br" local="132773360680000000" remote="133390365000000000" Dst="0" />
</dwsync>