<?xml version="1.0" encoding="utf-8" ?>
<dwsync>
<file name="01.jpg" server="ftp.xfluxo.com.br" local="132730861960000000" remote="133374212400000000" Dst="0" />
<file name="02.jpg" server="ftp.xfluxo.com.br" local="132730870200000000" remote="133374212400000000" Dst="0" />
<file name="03.jpg" server="ftp.xfluxo.com.br" local="132731006600000000" remote="133374212400000000" Dst="0" />
<file name="04.jpg" server="ftp.xfluxo.com.br" local="132730999700000000" remote="133374212400000000" Dst="0" />
<file name="05.jpg" server="ftp.xfluxo.com.br" local="132731005220000000" remote="133374212400000000" Dst="0" />
<file name="06.jpg" server="ftp.xfluxo.com.br" local="132730953840000000" remote="133374212400000000" Dst="0" />
<file name="07.jpg" server="ftp.xfluxo.com.br" local="132730950040000000" remote="133374212400000000" Dst="0" />
<file name="08.jpg" server="ftp.xfluxo.com.br" local="132730945240000000" remote="133374212400000000" Dst="0" />
<file name="09.jpg" server="ftp.xfluxo.com.br" local="132730965820000000" remote="133374212400000000" Dst="0" />
<file name="1.jpg" server="ftp.xfluxo.com.br" local="132730862540000000" remote="133374212400000000" Dst="0" />
<file name="10.jpg" server="ftp.xfluxo.com.br" local="132739569620000000" remote="133374212400000000" Dst="0" />
<file name="11.jpg" server="ftp.xfluxo.com.br" local="132739569840000000" remote="133374212400000000" Dst="0" />
<file name="12.jpg" server="ftp.xfluxo.com.br" local="132739574200000000" remote="133374212400000000" Dst="0" />
<file name="13.jpg" server="ftp.xfluxo.com.br" local="132739574380000000" remote="133374212400000000" Dst="0" />
<file name="14.jpg" server="ftp.xfluxo.com.br" local="132739587340000000" remote="133374212400000000" Dst="0" />
<file name="15.jpg" server="ftp.xfluxo.com.br" local="132739587480000000" remote="133374212400000000" Dst="0" />
<file name="2.jpg" server="ftp.xfluxo.com.br" local="132730869680000000" remote="133374212400000000" Dst="0" />
<file name="3.jpg" server="ftp.xfluxo.com.br" local="132731006840000000" remote="133374212400000000" Dst="0" />
<file name="4.jpg" server="ftp.xfluxo.com.br" local="132731000060000000" remote="133374212400000000" Dst="0" />
<file name="5.jpg" server="ftp.xfluxo.com.br" local="132731005400000000" remote="133374212400000000" Dst="0" />
<file name="6.jpg" server="ftp.xfluxo.com.br" local="132730954420000000" remote="133374212400000000" Dst="0" />
<file name="7.jpg" server="ftp.xfluxo.com.br" local="132730950960000000" remote="133374212400000000" Dst="0" />
<file name="8.jpg" server="ftp.xfluxo.com.br" local="132730945540000000" remote="133374212400000000" Dst="0" />
<file name="9.jpg" server="ftp.xfluxo.com.br" local="132730966540000000" remote="133374212400000000" Dst="0" />
<file name="shirt-1.png" server="ftp.xfluxo.com.br" local="132628935740000000" remote="133374212400000000" Dst="0" />
<file name="shirt-2.png" server="ftp.xfluxo.com.br" local="132628934900000000" remote="133374212400000000" Dst="0" />
<file name="shirt-3.png" server="ftp.xfluxo.com.br" local="132628935080000000" remote="133374212400000000" Dst="0" />
<file name="shirt-4.png" server="ftp.xfluxo.com.br" local="132628935200000000" remote="133374212400000000" Dst="0" />
<file name="01.jpg" server="ftp.voucherdogallo.com.br" local="132730861960000000" remote="133390365000000000" Dst="0" />
<file name="02.jpg" server="ftp.voucherdogallo.com.br" local="132730870200000000" remote="133390365000000000" Dst="0" />
<file name="03.jpg" server="ftp.voucherdogallo.com.br" local="132731006600000000" remote="133390365000000000" Dst="0" />
<file name="04.jpg" server="ftp.voucherdogallo.com.br" local="132730999700000000" remote="133390365000000000" Dst="0" />
<file name="05.jpg" server="ftp.voucherdogallo.com.br" local="132731005220000000" remote="133390365000000000" Dst="0" />
<file name="06.jpg" server="ftp.voucherdogallo.com.br" local="132730953840000000" remote="133390365000000000" Dst="0" />
<file name="07.jpg" server="ftp.voucherdogallo.com.br" local="132730950040000000" remote="133390365000000000" Dst="0" />
<file name="08.jpg" server="ftp.voucherdogallo.com.br" local="132730945240000000" remote="133390365000000000" Dst="0" />
<file name="09.jpg" server="ftp.voucherdogallo.com.br" local="132730965820000000" remote="133390365000000000" Dst="0" />
<file name="1.jpg" server="ftp.voucherdogallo.com.br" local="132730862540000000" remote="133390365000000000" Dst="0" />
<file name="10.jpg" server="ftp.voucherdogallo.com.br" local="132739569620000000" remote="133390365000000000" Dst="0" />
<file name="11.jpg" server="ftp.voucherdogallo.com.br" local="132739569840000000" remote="133390365000000000" Dst="0" />
<file name="12.jpg" server="ftp.voucherdogallo.com.br" local="132739574200000000" remote="133390365000000000" Dst="0" />
<file name="13.jpg" server="ftp.voucherdogallo.com.br" local="132739574380000000" remote="133390365000000000" Dst="0" />
<file name="14.jpg" server="ftp.voucherdogallo.com.br" local="132739587340000000" remote="133390365000000000" Dst="0" />
<file name="15.jpg" server="ftp.voucherdogallo.com.br" local="132739587480000000" remote="133390365000000000" Dst="0" />
<file name="2.jpg" server="ftp.voucherdogallo.com.br" local="132730869680000000" remote="133390365000000000" Dst="0" />
<file name="3.jpg" server="ftp.voucherdogallo.com.br" local="132731006840000000" remote="133390365000000000" Dst="0" />
<file name="4.jpg" server="ftp.voucherdogallo.com.br" local="132731000060000000" remote="133390365000000000" Dst="0" />
<file name="5.jpg" server="ftp.voucherdogallo.com.br" local="132731005400000000" remote="133390365000000000" Dst="0" />
<file name="6.jpg" server="ftp.voucherdogallo.com.br" local="132730954420000000" remote="133390365000000000" Dst="0" />
<file name="7.jpg" server="ftp.voucherdogallo.com.br" local="132730950960000000" remote="133390365000000000" Dst="0" />
<file name="8.jpg" server="ftp.voucherdogallo.com.br" local="132730945540000000" remote="133390365000000000" Dst="0" />
<file name="9.jpg" server="ftp.voucherdogallo.com.br" local="132730966540000000" remote="133390365000000000" Dst="0" />
<file name="shirt-1.png" server="ftp.voucherdogallo.com.br" local="132628935740000000" remote="133390365000000000" Dst="0" />
<file name="shirt-2.png" server="ftp.voucherdogallo.com.br" local="132628934900000000" remote="133390365000000000" Dst="0" />
<file name="shirt-3.png" server="ftp.voucherdogallo.com.br" local="132628935080000000" remote="133390365000000000" Dst="0" />
<file name="shirt-4.png" server="ftp.voucherdogallo.com.br" local="132628935200000000" remote="133390365000000000" Dst="0" />
</dwsync>