<?xml version="1.0" encoding="utf-8" ?>
<dwsync>
<file name="animate.css" server="ftp.xfluxo.com.br" local="132714416160000000" remote="133374211200000000" Dst="0" />
<file name="custom.css" server="ftp.xfluxo.com.br" local="133379210660288075" remote="133379318400000000" Dst="0" />
<file name="icons.css" server="ftp.xfluxo.com.br" local="132905385600000000" remote="133374211200000000" Dst="0" />
<file name="owl.video.play.html" server="ftp.xfluxo.com.br" local="133374030852068687" remote="133374211200000000" Dst="0" />
<file name="skin-modes.css" server="ftp.xfluxo.com.br" local="132970234300000000" remote="133374211200000000" Dst="0" />
<file name="style-dark.css" server="ftp.xfluxo.com.br" local="133374498857544523" remote="133374629400000000" Dst="0" />
<file name="style-transparent.css" server="ftp.xfluxo.com.br" local="132977994940000000" remote="133374211200000000" Dst="0" />
<file name="style.css" server="ftp.xfluxo.com.br" local="133379210609914096" remote="133379318400000000" Dst="0" />
<file name="select2.css" server="ftp.xfluxo.com.br" local="133375573052761320" remote="133375909200000000" Dst="0" />
<file name="animate.css" server="ftp.voucherdogallo.com.br" local="132714416160000000" remote="133390363800000000" Dst="0" />
<file name="custom.css" server="ftp.voucherdogallo.com.br" local="133387698580765364" remote="133390363800000000" Dst="0" />
<file name="icons.css" server="ftp.voucherdogallo.com.br" local="132905385600000000" remote="133390363800000000" Dst="0" />
<file name="owl.video.play.html" server="ftp.voucherdogallo.com.br" local="133374030852068687" remote="133390363800000000" Dst="0" />
<file name="select2.css" server="ftp.voucherdogallo.com.br" local="133375573052761320" remote="133390363800000000" Dst="0" />
<file name="skin-modes.css" server="ftp.voucherdogallo.com.br" local="132970234300000000" remote="133390363800000000" Dst="0" />
<file name="style-dark.css" server="ftp.voucherdogallo.com.br" local="133387699705506775" remote="133390363800000000" Dst="0" />
<file name="style-transparent.css" server="ftp.voucherdogallo.com.br" local="132977994940000000" remote="133390363800000000" Dst="0" />
<file name="style.css" server="ftp.voucherdogallo.com.br" local="133387696127104741" remote="133390363800000000" Dst="0" />
</dwsync>