<?xml version="1.0" encoding="utf-8" ?>
<dwsync>
<file name="doc.png" server="ftp.xfluxo.com.br" local="132736296460000000" remote="133374212400000000" Dst="0" />
<file name="file.png" server="ftp.xfluxo.com.br" local="132736296460000000" remote="133374212400000000" Dst="0" />
<file name="file2.png" server="ftp.xfluxo.com.br" local="132736296460000000" remote="133374212400000000" Dst="0" />
<file name="folder.png" server="ftp.xfluxo.com.br" local="132736296460000000" remote="133374212400000000" Dst="0" />
<file name="image.png" server="ftp.xfluxo.com.br" local="132773409780000000" remote="133374212400000000" Dst="0" />
<file name="word.png" server="ftp.xfluxo.com.br" local="132736296460000000" remote="133374212400000000" Dst="0" />
<file name="doc.png" server="ftp.voucherdogallo.com.br" local="132736296460000000" remote="133390365000000000" Dst="0" />
<file name="file.png" server="ftp.voucherdogallo.com.br" local="132736296460000000" remote="133390365000000000" Dst="0" />
<file name="file2.png" server="ftp.voucherdogallo.com.br" local="132736296460000000" remote="133390365000000000" Dst="0" />
<file name="folder.png" server="ftp.voucherdogallo.com.br" local="132736296460000000" remote="133390365000000000" Dst="0" />
<file name="image.png" server="ftp.voucherdogallo.com.br" local="132773409780000000" remote="133390365000000000" Dst="0" />
<file name="word.png" server="ftp.voucherdogallo.com.br" local="132736296460000000" remote="133390365000000000" Dst="0" />
</dwsync>