<?xml version="1.0" encoding="utf-8" ?>
<dwsync>
<file name="chatbg.png" server="ftp.xfluxo.com.br" local="132830446820000000" remote="133374212400000000" Dst="0" />
<file name="countrymap.png" server="ftp.xfluxo.com.br" local="132790669660000000" remote="133374212400000000" Dst="0" />
<file name="dashboard8.png" server="ftp.xfluxo.com.br" local="132784510460000000" remote="133374212400000000" Dst="0" />
<file name="countrymap1.png" server="ftp.xfluxo.com.br" local="132790676260000000" remote="133374212400000000" Dst="0" />
<file name="chatbg.png" server="ftp.voucherdogallo.com.br" local="132830446820000000" remote="133390365000000000" Dst="0" />
<file name="countrymap.png" server="ftp.voucherdogallo.com.br" local="132790669660000000" remote="133390365000000000" Dst="0" />
<file name="countrymap1.png" server="ftp.voucherdogallo.com.br" local="132790676260000000" remote="133390365000000000" Dst="0" />
<file name="dashboard8.png" server="ftp.voucherdogallo.com.br" local="132784510460000000" remote="133390365000000000" Dst="0" />
</dwsync>