<?xml version="1.0" encoding="utf-8" ?>
<dwsync>
<file name="boxicons.css" server="ftp.xfluxo.com.br" local="133374041175553496" remote="133374211800000000" Dst="0" />
<file name="boxicons.eot" server="ftp.xfluxo.com.br" local="133374038169642911" remote="133374211800000000" Dst="0" />
<file name="boxicons.svg" server="ftp.xfluxo.com.br" local="133374038667923376" remote="133374211800000000" Dst="0" />
<file name="boxicons.ttf" server="ftp.xfluxo.com.br" local="133374038523601936" remote="133374211800000000" Dst="0" />
<file name="boxicons.woff2" server="ftp.xfluxo.com.br" local="133374038303511944" remote="133374211800000000" Dst="0" />
<file name="boxicons.woff" server="ftp.xfluxo.com.br" local="133374038418012957" remote="133374211800000000" Dst="0" />
<file name="boxicons.css" server="ftp.voucherdogallo.com.br" local="133374041175553496" remote="133390364400000000" Dst="0" />
<file name="boxicons.eot" server="ftp.voucherdogallo.com.br" local="133374038169642911" remote="133390364400000000" Dst="0" />
<file name="boxicons.svg" server="ftp.voucherdogallo.com.br" local="133374038667923376" remote="133390364400000000" Dst="0" />
<file name="boxicons.woff" server="ftp.voucherdogallo.com.br" local="133374038418012957" remote="133390364400000000" Dst="0" />
<file name="boxicons.ttf" server="ftp.voucherdogallo.com.br" local="133374038523601936" remote="133390364400000000" Dst="0" />
<file name="boxicons.woff2" server="ftp.voucherdogallo.com.br" local="133374038303511944" remote="133390364400000000" Dst="0" />
</dwsync>