<?xml version="1.0" encoding="utf-8" ?>
<dwsync>
<file name="Simple-Line-Icons.eot" server="ftp.xfluxo.com.br" local="131284585900000000" remote="133374211800000000" Dst="0" />
<file name="Simple-Line-Icons.woff" server="ftp.xfluxo.com.br" local="131284585900000000" remote="133374211800000000" Dst="0" />
<file name="Simple-Line-Iconsb26c.eot" server="ftp.xfluxo.com.br" local="131284585900000000" remote="133374211800000000" Dst="0" />
<file name="Simple-Line-Iconsb26c.svg" server="ftp.xfluxo.com.br" local="131284585900000000" remote="133374211800000000" Dst="0" />
<file name="Simple-Line-Icons.eot" server="ftp.voucherdogallo.com.br" local="131284585900000000" remote="133390364400000000" Dst="0" />
<file name="Simple-Line-Icons.woff" server="ftp.voucherdogallo.com.br" local="131284585900000000" remote="133390364400000000" Dst="0" />
<file name="Simple-Line-Iconsb26c.eot" server="ftp.voucherdogallo.com.br" local="131284585900000000" remote="133390364400000000" Dst="0" />
<file name="Simple-Line-Iconsb26c.svg" server="ftp.voucherdogallo.com.br" local="131284585900000000" remote="133390364400000000" Dst="0" />
</dwsync>