<?xml version="1.0" encoding="utf-8" ?>
<dwsync>
<file name="cryptofont-webfont.eot" server="ftp.xfluxo.com.br" local="133374041809438339" remote="133374211800000000" Dst="0" />
<file name="cryptofont-webfont.svg" server="ftp.xfluxo.com.br" local="133374042311538543" remote="133374211800000000" Dst="0" />
<file name="cryptofont-webfont.ttf" server="ftp.xfluxo.com.br" local="133374042110036183" remote="133374211800000000" Dst="0" />
<file name="cryptofont-webfont.woff" server="ftp.xfluxo.com.br" local="133374041953294509" remote="133374211800000000" Dst="0" />
<file name="cryptofont.min.css" server="ftp.xfluxo.com.br" local="133374042421265955" remote="133374211800000000" Dst="0" />
<file name="cryptofont-webfont.eot" server="ftp.voucherdogallo.com.br" local="133374041809438339" remote="133390364400000000" Dst="0" />
<file name="cryptofont-webfont.svg" server="ftp.voucherdogallo.com.br" local="133374042311538543" remote="133390364400000000" Dst="0" />
<file name="cryptofont-webfont.ttf" server="ftp.voucherdogallo.com.br" local="133374042110036183" remote="133390364400000000" Dst="0" />
<file name="cryptofont-webfont.woff" server="ftp.voucherdogallo.com.br" local="133374041953294509" remote="133390364400000000" Dst="0" />
<file name="cryptofont.min.css" server="ftp.voucherdogallo.com.br" local="133374042421265955" remote="133390364400000000" Dst="0" />
</dwsync>