<?xml version="1.0" encoding="utf-8" ?>
<dwsync>
<file name="mastercard.png" server="ftp.xfluxo.com.br" local="132022642220000000" remote="133374212400000000" Dst="0" />
<file name="video-play.html" server="ftp.xfluxo.com.br" local="133374030852058710" remote="133374212400000000" Dst="0" />
<file name="vimeo-play.html" server="ftp.xfluxo.com.br" local="133374030852058710" remote="133374212400000000" Dst="0" />
<file name="visa.png" server="ftp.xfluxo.com.br" local="132022642220000000" remote="133374212400000000" Dst="0" />
<file name="youtube-play.html" server="ftp.xfluxo.com.br" local="133374030852068687" remote="133374212400000000" Dst="0" />
<file name="mastercard.png" server="ftp.voucherdogallo.com.br" local="132022642220000000" remote="133390365000000000" Dst="0" />
<file name="video-play.html" server="ftp.voucherdogallo.com.br" local="133374030852058710" remote="133390365000000000" Dst="0" />
<file name="vimeo-play.html" server="ftp.voucherdogallo.com.br" local="133374030852058710" remote="133390365000000000" Dst="0" />
<file name="visa.png" server="ftp.voucherdogallo.com.br" local="132022642220000000" remote="133390365000000000" Dst="0" />
<file name="youtube-play.html" server="ftp.voucherdogallo.com.br" local="133374030852068687" remote="133390365000000000" Dst="0" />
</dwsync>