<?xml version="1.0" encoding="utf-8" ?>
<dwsync>
<file name="la-brands-400.eot" server="ftp.xfluxo.com.br" local="133374045827974148" remote="133374211800000000" Dst="0" />
<file name="la-brands-400.ttf" server="ftp.xfluxo.com.br" local="133374046258752180" remote="133374211800000000" Dst="0" />
<file name="la-brands-400.svg" server="ftp.xfluxo.com.br" local="133374046413220276" remote="133374211800000000" Dst="0" />
<file name="la-brands-400.woff" server="ftp.xfluxo.com.br" local="133374046112597119" remote="133374211800000000" Dst="0" />
<file name="la-brands-400.woff2" server="ftp.xfluxo.com.br" local="133374046005099040" remote="133374211800000000" Dst="0" />
<file name="la-solid-900.eot" server="ftp.xfluxo.com.br" local="133374046820423925" remote="133374211800000000" Dst="0" />
<file name="la-solid-900.ttf" server="ftp.xfluxo.com.br" local="133374047250944950" remote="133374211800000000" Dst="0" />
<file name="la-solid-900.svg" server="ftp.xfluxo.com.br" local="133374046570574481" remote="133374211800000000" Dst="0" />
<file name="la-solid-900.woff" server="ftp.xfluxo.com.br" local="133374047133310756" remote="133374211800000000" Dst="0" />
<file name="la-solid-900.woff2" server="ftp.xfluxo.com.br" local="133374046947372489" remote="133374211800000000" Dst="0" />
<file name="line-awesome.css" server="ftp.xfluxo.com.br" local="133374047546163836" remote="133374211800000000" Dst="0" />
<file name="la-brands-400.eot" server="ftp.voucherdogallo.com.br" local="133374045827974148" remote="133390364400000000" Dst="0" />
<file name="la-brands-400.ttf" server="ftp.voucherdogallo.com.br" local="133374046258752180" remote="133390364400000000" Dst="0" />
<file name="la-brands-400.svg" server="ftp.voucherdogallo.com.br" local="133374046413220276" remote="133390364400000000" Dst="0" />
<file name="la-brands-400.woff" server="ftp.voucherdogallo.com.br" local="133374046112597119" remote="133390364400000000" Dst="0" />
<file name="la-brands-400.woff2" server="ftp.voucherdogallo.com.br" local="133374046005099040" remote="133390364400000000" Dst="0" />
<file name="la-solid-900.eot" server="ftp.voucherdogallo.com.br" local="133374046820423925" remote="133390364400000000" Dst="0" />
<file name="la-solid-900.ttf" server="ftp.voucherdogallo.com.br" local="133374047250944950" remote="133390364400000000" Dst="0" />
<file name="la-solid-900.svg" server="ftp.voucherdogallo.com.br" local="133374046570574481" remote="133390364400000000" Dst="0" />
<file name="la-solid-900.woff" server="ftp.voucherdogallo.com.br" local="133374047133310756" remote="133390364400000000" Dst="0" />
<file name="la-solid-900.woff2" server="ftp.voucherdogallo.com.br" local="133374046947372489" remote="133390364400000000" Dst="0" />
<file name="line-awesome.css" server="ftp.voucherdogallo.com.br" local="133374047546163836" remote="133390364400000000" Dst="0" />
</dwsync>