<?xml version="1.0" encoding="utf-8" ?>
<dwsync>
<file name="Pe-icon-7-stroke.eot" server="ftp.xfluxo.com.br" local="133374047797205708" remote="133374211800000000" Dst="0" />
<file name="pe-icon-7-stroke.css" server="ftp.xfluxo.com.br" local="133374048327901911" remote="133374211800000000" Dst="0" />
<file name="Pe-icon-7-stroke.svg" server="ftp.xfluxo.com.br" local="133374048221320856" remote="133374211800000000" Dst="0" />
<file name="Pe-icon-7-stroke.woff" server="ftp.xfluxo.com.br" local="133374047999441505" remote="133374211800000000" Dst="0" />
<file name="Pe-icon-7-stroke.ttf" server="ftp.xfluxo.com.br" local="133374048093104732" remote="133374211800000000" Dst="0" />
<file name="Pe-icon-7-stroke.eot" server="ftp.voucherdogallo.com.br" local="133374047797205708" remote="133390364400000000" Dst="0" />
<file name="pe-icon-7-stroke.css" server="ftp.voucherdogallo.com.br" local="133374048327901911" remote="133390364400000000" Dst="0" />
<file name="Pe-icon-7-stroke.svg" server="ftp.voucherdogallo.com.br" local="133374048221320856" remote="133390364400000000" Dst="0" />
<file name="Pe-icon-7-stroke.ttf" server="ftp.voucherdogallo.com.br" local="133374048093104732" remote="133390364400000000" Dst="0" />
<file name="Pe-icon-7-stroke.woff" server="ftp.voucherdogallo.com.br" local="133374047999441505" remote="133390364400000000" Dst="0" />
</dwsync>