<?xml version="1.0" encoding="utf-8" ?>
<dwsync>
<file name="Material-Design-Iconic-Fontd1f1.ttf" server="ftp.xfluxo.com.br" local="131733834120000000" remote="133374211800000000" Dst="0" />
<file name="Material-Design-Iconic-Fontd1f1.woff" server="ftp.xfluxo.com.br" local="131733834120000000" remote="133374211800000000" Dst="0" />
<file name="Material-Design-Iconic-Fontd1f1.woff2" server="ftp.xfluxo.com.br" local="131733834120000000" remote="133374211800000000" Dst="0" />
<file name="materialdesignicons-webfont.eot" server="ftp.xfluxo.com.br" local="131733274100000000" remote="133374211800000000" Dst="0" />
<file name="materialdesignicons-webfont.ttf" server="ftp.xfluxo.com.br" local="131733274100000000" remote="133374211800000000" Dst="0" />
<file name="materialdesignicons-webfont.woff2" server="ftp.xfluxo.com.br" local="131733274100000000" remote="133374211800000000" Dst="0" />
<file name="materialdesignicons-webfont.svg" server="ftp.xfluxo.com.br" local="131733274100000000" remote="133374211800000000" Dst="0" />
<file name="materialdesignicons-webfontdf71.woff" server="ftp.xfluxo.com.br" local="131733274100000000" remote="133374211800000000" Dst="0" />
<file name="Material-Design-Iconic-Fontd1f1.ttf" server="ftp.voucherdogallo.com.br" local="131733834120000000" remote="133390364400000000" Dst="0" />
<file name="Material-Design-Iconic-Fontd1f1.woff" server="ftp.voucherdogallo.com.br" local="131733834120000000" remote="133390364400000000" Dst="0" />
<file name="Material-Design-Iconic-Fontd1f1.woff2" server="ftp.voucherdogallo.com.br" local="131733834120000000" remote="133390364400000000" Dst="0" />
<file name="materialdesignicons-webfont.eot" server="ftp.voucherdogallo.com.br" local="131733274100000000" remote="133390364400000000" Dst="0" />
<file name="materialdesignicons-webfont.ttf" server="ftp.voucherdogallo.com.br" local="131733274100000000" remote="133390364400000000" Dst="0" />
<file name="materialdesignicons-webfont.woff2" server="ftp.voucherdogallo.com.br" local="131733274100000000" remote="133390364400000000" Dst="0" />
<file name="materialdesignicons-webfont.svg" server="ftp.voucherdogallo.com.br" local="131733274100000000" remote="133390364400000000" Dst="0" />
<file name="materialdesignicons-webfontdf71.woff" server="ftp.voucherdogallo.com.br" local="131733274100000000" remote="133390364400000000" Dst="0" />
</dwsync>