<?xml version="1.0" encoding="utf-8" ?>
<dwsync>
<file name="themify.eot" server="ftp.xfluxo.com.br" local="131733834120000000" remote="133374211800000000" Dst="0" />
<file name="themify.woff" server="ftp.xfluxo.com.br" local="131733834120000000" remote="133374211800000000" Dst="0" />
<file name="themify.ttf" server="ftp.xfluxo.com.br" local="131733834120000000" remote="133374211800000000" Dst="0" />
<file name="themify9f24.svg" server="ftp.xfluxo.com.br" local="131733834120000000" remote="133374211800000000" Dst="0" />
<file name="themify.eot" server="ftp.voucherdogallo.com.br" local="131733834120000000" remote="133390364400000000" Dst="0" />
<file name="themify.woff" server="ftp.voucherdogallo.com.br" local="131733834120000000" remote="133390364400000000" Dst="0" />
<file name="themify.ttf" server="ftp.voucherdogallo.com.br" local="131733834120000000" remote="133390364400000000" Dst="0" />
<file name="themify9f24.svg" server="ftp.voucherdogallo.com.br" local="131733834120000000" remote="133390364400000000" Dst="0" />
</dwsync>