<?xml version="1.0" encoding="utf-8" ?>
<dwsync>
<file name="1.jpg" server="ftp.xfluxo.com.br" local="132716201500000000" remote="133374212400000000" Dst="0" />
<file name="10.jpg" server="ftp.xfluxo.com.br" local="132716213840000000" remote="133374212400000000" Dst="0" />
<file name="11.jpg" server="ftp.xfluxo.com.br" local="132716214460000000" remote="133374212400000000" Dst="0" />
<file name="12.jpg" server="ftp.xfluxo.com.br" local="132716215480000000" remote="133374212400000000" Dst="0" />
<file name="13.jpg" server="ftp.xfluxo.com.br" local="132716217020000000" remote="133374212400000000" Dst="0" />
<file name="14.jpg" server="ftp.xfluxo.com.br" local="132716217840000000" remote="133374212400000000" Dst="0" />
<file name="15.jpg" server="ftp.xfluxo.com.br" local="132716219200000000" remote="133374212400000000" Dst="0" />
<file name="16.jpg" server="ftp.xfluxo.com.br" local="132716218520000000" remote="133374212400000000" Dst="0" />
<file name="17.jpg" server="ftp.xfluxo.com.br" local="132195457300000000" remote="133374212400000000" Dst="0" />
<file name="2.jpg" server="ftp.xfluxo.com.br" local="132716202260000000" remote="133374212400000000" Dst="0" />
<file name="3.jpg" server="ftp.xfluxo.com.br" local="132716203020000000" remote="133374212400000000" Dst="0" />
<file name="4.jpg" server="ftp.xfluxo.com.br" local="132716203980000000" remote="133374212400000000" Dst="0" />
<file name="5.jpg" server="ftp.xfluxo.com.br" local="132716207800000000" remote="133374212400000000" Dst="0" />
<file name="6.jpg" server="ftp.xfluxo.com.br" local="132320674640000000" remote="133374212400000000" Dst="0" />
<file name="7.jpg" server="ftp.xfluxo.com.br" local="132716211820000000" remote="133374212400000000" Dst="0" />
<file name="8.jpg" server="ftp.xfluxo.com.br" local="132716212740000000" remote="133374212400000000" Dst="0" />
<file name="9.jpg" server="ftp.xfluxo.com.br" local="132716208740000000" remote="133374212400000000" Dst="0" />
<file name="1.jpg" server="ftp.voucherdogallo.com.br" local="132716201500000000" remote="133390365000000000" Dst="0" />
<file name="10.jpg" server="ftp.voucherdogallo.com.br" local="132716213840000000" remote="133390365000000000" Dst="0" />
<file name="11.jpg" server="ftp.voucherdogallo.com.br" local="132716214460000000" remote="133390365000000000" Dst="0" />
<file name="12.jpg" server="ftp.voucherdogallo.com.br" local="132716215480000000" remote="133390365000000000" Dst="0" />
<file name="13.jpg" server="ftp.voucherdogallo.com.br" local="132716217020000000" remote="133390365000000000" Dst="0" />
<file name="15.jpg" server="ftp.voucherdogallo.com.br" local="132716219200000000" remote="133390365000000000" Dst="0" />
<file name="14.jpg" server="ftp.voucherdogallo.com.br" local="132716217840000000" remote="133390365000000000" Dst="0" />
<file name="16.jpg" server="ftp.voucherdogallo.com.br" local="132716218520000000" remote="133390365000000000" Dst="0" />
<file name="17.jpg" server="ftp.voucherdogallo.com.br" local="132195457300000000" remote="133390365000000000" Dst="0" />
<file name="2.jpg" server="ftp.voucherdogallo.com.br" local="132716202260000000" remote="133390365000000000" Dst="0" />
<file name="3.jpg" server="ftp.voucherdogallo.com.br" local="132716203020000000" remote="133390365000000000" Dst="0" />
<file name="4.jpg" server="ftp.voucherdogallo.com.br" local="132716203980000000" remote="133390365000000000" Dst="0" />
<file name="5.jpg" server="ftp.voucherdogallo.com.br" local="132716207800000000" remote="133390365000000000" Dst="0" />
<file name="6.jpg" server="ftp.voucherdogallo.com.br" local="132320674640000000" remote="133390365000000000" Dst="0" />
<file name="7.jpg" server="ftp.voucherdogallo.com.br" local="132716211820000000" remote="133390365000000000" Dst="0" />
<file name="8.jpg" server="ftp.voucherdogallo.com.br" local="132716212740000000" remote="133390365000000000" Dst="0" />
<file name="9.jpg" server="ftp.voucherdogallo.com.br" local="132716208740000000" remote="133390365000000000" Dst="0" />
</dwsync>