<?xml version="1.0" encoding="utf-8" ?>
<dwsync>
<file name="weather-icons.css" server="ftp.xfluxo.com.br" local="133374049432709199" remote="133374212400000000" Dst="0" />
<file name="weathericons-regular-webfont.eot" server="ftp.xfluxo.com.br" local="133374048609979722" remote="133374212400000000" Dst="0" />
<file name="weathericons-regular-webfont.svg" server="ftp.xfluxo.com.br" local="133374049306150975" remote="133374212400000000" Dst="0" />
<file name="weathericons-regular-webfont.ttf" server="ftp.xfluxo.com.br" local="133374048974615050" remote="133374212400000000" Dst="0" />
<file name="weathericons-regular-webfont.woff" server="ftp.xfluxo.com.br" local="133374048855720557" remote="133374212400000000" Dst="0" />
<file name="weathericons-regular-webfont.woff2" server="ftp.xfluxo.com.br" local="133374048741175208" remote="133374212400000000" Dst="0" />
<file name="weathericons-regular-webfont.eot" server="ftp.voucherdogallo.com.br" local="133374048609979722" remote="133390365000000000" Dst="0" />
<file name="weather-icons.css" server="ftp.voucherdogallo.com.br" local="133374049432709199" remote="133390365000000000" Dst="0" />
<file name="weathericons-regular-webfont.svg" server="ftp.voucherdogallo.com.br" local="133374049306150975" remote="133390365000000000" Dst="0" />
<file name="weathericons-regular-webfont.woff" server="ftp.voucherdogallo.com.br" local="133374048855720557" remote="133390365000000000" Dst="0" />
<file name="weathericons-regular-webfont.woff2" server="ftp.voucherdogallo.com.br" local="133374048741175208" remote="133390365000000000" Dst="0" />
<file name="weathericons-regular-webfont.ttf" server="ftp.voucherdogallo.com.br" local="133374048974615050" remote="133390365000000000" Dst="0" />
</dwsync>