<?xml version="1.0" encoding="utf-8" ?>
<dwsync>
<file name="typicons.css" server="ftp.xfluxo.com.br" local="132885558840000000" remote="133374211800000000" Dst="0" />
<file name="typicons.eot" server="ftp.xfluxo.com.br" local="132022642240000000" remote="133374211800000000" Dst="0" />
<file name="typicons.svg" server="ftp.xfluxo.com.br" local="132022642240000000" remote="133374211800000000" Dst="0" />
<file name="typicons.ttf" server="ftp.xfluxo.com.br" local="132022642240000000" remote="133374211800000000" Dst="0" />
<file name="typicons.woff" server="ftp.xfluxo.com.br" local="132022642240000000" remote="133374211800000000" Dst="0" />
<file name="typicons.css" server="ftp.voucherdogallo.com.br" local="132885558840000000" remote="133390365000000000" Dst="0" />
<file name="typicons.eot" server="ftp.voucherdogallo.com.br" local="132022642240000000" remote="133390365000000000" Dst="0" />
<file name="typicons.svg" server="ftp.voucherdogallo.com.br" local="132022642240000000" remote="133390365000000000" Dst="0" />
<file name="typicons.woff" server="ftp.voucherdogallo.com.br" local="132022642240000000" remote="133390365000000000" Dst="0" />
<file name="typicons.ttf" server="ftp.voucherdogallo.com.br" local="132022642240000000" remote="133390365000000000" Dst="0" />
</dwsync>