<?xml version="1.0" encoding="utf-8" ?>
<dwsync>
<file name="favicon-white.png" server="ftp.xfluxo.com.br" local="132707631680000000" remote="133374212400000000" Dst="0" />
<file name="logo-white.png" server="ftp.xfluxo.com.br" local="132706967640000000" remote="133374212400000000" Dst="0" />
<file name="favicon.png" server="ftp.xfluxo.com.br" local="132793231580000000" remote="133374212400000000" Dst="0" />
<file name="logo.png" server="ftp.xfluxo.com.br" local="132785367740000000" remote="133374212400000000" Dst="0" />
<file name="favicon-white.png" server="ftp.voucherdogallo.com.br" local="132707631680000000" remote="133390365000000000" Dst="0" />
<file name="favicon.png" server="ftp.voucherdogallo.com.br" local="132793231580000000" remote="133390365000000000" Dst="0" />
<file name="logo-white.png" server="ftp.voucherdogallo.com.br" local="132706967640000000" remote="133390365000000000" Dst="0" />
<file name="logo.png" server="ftp.voucherdogallo.com.br" local="132785367740000000" remote="133390365000000000" Dst="0" />
</dwsync>