<?xml version="1.0" encoding="utf-8" ?>
<dwsync>
<file name="all.min.css" server="ftp.xfluxo.com.br" local="133375581741139993" remote="133375909200000000" Dst="0" />
<file name="fontawesome-webfont.eot" server="ftp.xfluxo.com.br" local="131318277120000000" remote="133375909200000000" Dst="0" />
<file name="fontawesome-webfont.woff" server="ftp.xfluxo.com.br" local="131318277120000000" remote="133375909200000000" Dst="0" />
<file name="fontawesome-webfont.svg" server="ftp.xfluxo.com.br" local="131563538920000000" remote="133375909200000000" Dst="0" />
<file name="fontawesome-webfont.ttf" server="ftp.xfluxo.com.br" local="131318277120000000" remote="133375909200000000" Dst="0" />
<file name="fontawesome-webfont.woff2" server="ftp.xfluxo.com.br" local="131318277120000000" remote="133375909200000000" Dst="0" />
<file name="FontAwesome.otf" server="ftp.xfluxo.com.br" local="131318277120000000" remote="133375909200000000" Dst="0" />
<file name="all.min.css" server="ftp.voucherdogallo.com.br" local="133375581741139993" remote="133390364400000000" Dst="0" />
<file name="fontawesome-webfont.eot" server="ftp.voucherdogallo.com.br" local="131318277120000000" remote="133390364400000000" Dst="0" />
<file name="fontawesome-webfont.svg" server="ftp.voucherdogallo.com.br" local="131563538920000000" remote="133390364400000000" Dst="0" />
<file name="fontawesome-webfont.woff" server="ftp.voucherdogallo.com.br" local="131318277120000000" remote="133390364400000000" Dst="0" />
<file name="fontawesome-webfont.ttf" server="ftp.voucherdogallo.com.br" local="131318277120000000" remote="133390364400000000" Dst="0" />
<file name="fontawesome-webfont.woff2" server="ftp.voucherdogallo.com.br" local="131318277120000000" remote="133390364400000000" Dst="0" />
<file name="FontAwesome.otf" server="ftp.voucherdogallo.com.br" local="131318277120000000" remote="133390364400000000" Dst="0" />
</dwsync>