<?xml version="1.0" encoding="utf-8" ?>
<dwsync>
<file name="argentina.jpg" server="ftp.xfluxo.com.br" local="132790539020000000" remote="133374212400000000" Dst="0" />
<file name="austria.jpg" server="ftp.xfluxo.com.br" local="132790550180000000" remote="133374212400000000" Dst="0" />
<file name="brazil.jpg" server="ftp.xfluxo.com.br" local="132790539660000000" remote="133374212400000000" Dst="0" />
<file name="canada.jpg" server="ftp.xfluxo.com.br" local="132790550960000000" remote="133374212400000000" Dst="0" />
<file name="china.jpg" server="ftp.xfluxo.com.br" local="132790542000000000" remote="133374212400000000" Dst="0" />
<file name="french_flag.jpg" server="ftp.xfluxo.com.br" local="132310371380000000" remote="133374212400000000" Dst="0" />
<file name="germany_flag.jpg" server="ftp.xfluxo.com.br" local="132310371360000000" remote="133374212400000000" Dst="0" />
<file name="india_flag.jpg" server="ftp.xfluxo.com.br" local="132322490820000000" remote="133374212400000000" Dst="0" />
<file name="italy_flag.jpg" server="ftp.xfluxo.com.br" local="132310371280000000" remote="133374212400000000" Dst="0" />
<file name="malaysia.jpg" server="ftp.xfluxo.com.br" local="132790546480000000" remote="133374212400000000" Dst="0" />
<file name="mexico.jpg" server="ftp.xfluxo.com.br" local="132790547640000000" remote="133374212400000000" Dst="0" />
<file name="poland.jpg" server="ftp.xfluxo.com.br" local="132790549400000000" remote="133374212400000000" Dst="0" />
<file name="russia_flag.jpg" server="ftp.xfluxo.com.br" local="132310370840000000" remote="133374212400000000" Dst="0" />
<file name="singapore.jpg" server="ftp.xfluxo.com.br" local="132790548600000000" remote="133374212400000000" Dst="0" />
<file name="spain_flag.jpg" server="ftp.xfluxo.com.br" local="132310370740000000" remote="133374212400000000" Dst="0" />
<file name="uae.jpg" server="ftp.xfluxo.com.br" local="132790541020000000" remote="133374212400000000" Dst="0" />
<file name="uk.jpg" server="ftp.xfluxo.com.br" local="132790545580000000" remote="133374212400000000" Dst="0" />
<file name="us_flag.jpg" server="ftp.xfluxo.com.br" local="132310370560000000" remote="133374212400000000" Dst="0" />
<file name="argentina.jpg" server="ftp.voucherdogallo.com.br" local="132790539020000000" remote="133390365000000000" Dst="0" />
<file name="austria.jpg" server="ftp.voucherdogallo.com.br" local="132790550180000000" remote="133390365000000000" Dst="0" />
<file name="brazil.jpg" server="ftp.voucherdogallo.com.br" local="132790539660000000" remote="133390365000000000" Dst="0" />
<file name="canada.jpg" server="ftp.voucherdogallo.com.br" local="132790550960000000" remote="133390365000000000" Dst="0" />
<file name="china.jpg" server="ftp.voucherdogallo.com.br" local="132790542000000000" remote="133390365000000000" Dst="0" />
<file name="french_flag.jpg" server="ftp.voucherdogallo.com.br" local="132310371380000000" remote="133390365000000000" Dst="0" />
<file name="germany_flag.jpg" server="ftp.voucherdogallo.com.br" local="132310371360000000" remote="133390365000000000" Dst="0" />
<file name="india_flag.jpg" server="ftp.voucherdogallo.com.br" local="132322490820000000" remote="133390365000000000" Dst="0" />
<file name="italy_flag.jpg" server="ftp.voucherdogallo.com.br" local="132310371280000000" remote="133390365000000000" Dst="0" />
<file name="malaysia.jpg" server="ftp.voucherdogallo.com.br" local="132790546480000000" remote="133390365000000000" Dst="0" />
<file name="mexico.jpg" server="ftp.voucherdogallo.com.br" local="132790547640000000" remote="133390365000000000" Dst="0" />
<file name="poland.jpg" server="ftp.voucherdogallo.com.br" local="132790549400000000" remote="133390365000000000" Dst="0" />
<file name="russia_flag.jpg" server="ftp.voucherdogallo.com.br" local="132310370840000000" remote="133390365000000000" Dst="0" />
<file name="singapore.jpg" server="ftp.voucherdogallo.com.br" local="132790548600000000" remote="133390365000000000" Dst="0" />
<file name="spain_flag.jpg" server="ftp.voucherdogallo.com.br" local="132310370740000000" remote="133390365000000000" Dst="0" />
<file name="uae.jpg" server="ftp.voucherdogallo.com.br" local="132790541020000000" remote="133390365000000000" Dst="0" />
<file name="uk.jpg" server="ftp.voucherdogallo.com.br" local="132790545580000000" remote="133390365000000000" Dst="0" />
<file name="us_flag.jpg" server="ftp.voucherdogallo.com.br" local="132310370560000000" remote="133390365000000000" Dst="0" />
</dwsync>