<?xml version="1.0" encoding="utf-8" ?>
<dwsync>
<file name="ionicons.eot" server="ftp.xfluxo.com.br" local="133374044889359014" remote="133374211800000000" Dst="0" />
<file name="ionicons.min.css" server="ftp.xfluxo.com.br" local="133374045477508060" remote="133374211800000000" Dst="0" />
<file name="ionicons.svg" server="ftp.xfluxo.com.br" local="133374045382433361" remote="133374211800000000" Dst="0" />
<file name="ionicons.ttf" server="ftp.xfluxo.com.br" local="133374045254245346" remote="133374211800000000" Dst="0" />
<file name="ionicons.woff" server="ftp.xfluxo.com.br" local="133374045117297803" remote="133374211800000000" Dst="0" />
<file name="ionicons.woff2" server="ftp.xfluxo.com.br" local="133374044999939307" remote="133374211800000000" Dst="0" />
<file name="ionicons.eot" server="ftp.voucherdogallo.com.br" local="133374044889359014" remote="133390364400000000" Dst="0" />
<file name="ionicons.min.css" server="ftp.voucherdogallo.com.br" local="133374045477508060" remote="133390364400000000" Dst="0" />
<file name="ionicons.svg" server="ftp.voucherdogallo.com.br" local="133374045382433361" remote="133390364400000000" Dst="0" />
<file name="ionicons.woff" server="ftp.voucherdogallo.com.br" local="133374045117297803" remote="133390364400000000" Dst="0" />
<file name="ionicons.ttf" server="ftp.voucherdogallo.com.br" local="133374045254245346" remote="133390364400000000" Dst="0" />
<file name="ionicons.woff2" server="ftp.voucherdogallo.com.br" local="133374044999939307" remote="133390364400000000" Dst="0" />
</dwsync>